{
    "normals":[-0.577349,-0.577349,-0.577349,0.089419,-0.9953,0.037019,0,-0.988495,-0.151219,0,-1,0,0.037019,0.089419,-0.9953,-0.151219,0,-0.988495,0,0,-0.999969,0.089419,0.037019,-0.9953,-0.089419,0.037019,-0.9953,0.577349,-0.577349,-0.577349,-0.9953,0.089419,0.037019,-0.9953,-0.089419,0.037019,-0.577349,0.577349,-0.577349,-0.9953,0.037019,0.089419,-0.988495,-0.151219,0,-0.999969,0,0,0.037019,-0.9953,0.089419,0.037019,-0.9953,-0.089419,-0.577349,-0.577349,0.577349,0.089419,0.037019,0.9953,0,-0.151219,0.988495,0,0,0.999969,-0.9953,0.089419,-0.037019,-0.988495,0,0.151219,0.037019,0.089419,0.9953,0.037019,-0.089419,0.9953,-0.577349,0.577349,0.577349,-0.9953,0.037019,-0.089419,0.089419,-0.9953,-0.037019,-0.089419,-0.9953,-0.037019,0.577349,-0.577349,0.577349,-0.151219,-0.988495,0,0.037019,0.9953,0.089419,-0.151219,0.988495,0,0,0.999969,0,0.037019,-0.089419,-0.9953,0.089419,-0.037019,-0.9953,0,0.151219,-0.988495,-0.988495,0,-0.151219,-0.9953,-0.037019,0.089419,-0.9953,-0.037019,-0.089419,0.089419,0.9953,0.037019,-0.089419,0.9953,0.037019,0.577349,0.577349,-0.577349,0.037019,0.9953,-0.089419,-0.9953,-0.089419,-0.037019,0.089419,-0.037019,0.9953,-0.089419,-0.037019,0.9953,0.577349,0.577349,0.577349,-0.151219,0,0.988495,-0.988495,0.151219,0,0.089419,0.9953,-0.037019,0,0.988495,0.151219,-0.089419,-0.9953,0.037019,0.9953,0.089419,0.037019,0.988495,0,-0.151219,0.999969,0,0,0.9953,0.037019,0.089419,0.9953,0.037019,-0.089419,-0.037019,0.089419,-0.9953,-0.037019,-0.089419,-0.9953,0,-0.151219,-0.988495,-0.037019,-0.9953,0.089419,0.151219,-0.988495,0,-0.089419,0.037019,0.9953,-0.037019,0.089419,0.9953,0.151219,0,0.988495,0.9953,0.089419,-0.037019,0.9953,-0.089419,-0.037019,0.988495,-0.151219,0,0,-0.988495,0.151219,-0.037019,-0.9953,-0.089419,0.9953,-0.089419,0.037019,0.9953,-0.037019,0.089419,0.988495,0.151219,0,0.151219,0,-0.988495,-0.089419,-0.037019,-0.9953,-0.037019,0.9953,0.089419,-0.037019,0.9953,-0.089419,0,0.988495,-0.151219,0,0.151219,0.988495,-0.037019,-0.089419,0.9953,0.988495,0,0.151219,0.9953,-0.037019,-0.089419,0.151219,0.988495,0,-0.089419,0.9953,-0.037019],
    "metadata":{
        "version":3,
        "normals":86,
        "materials":1,
        "uvs":1,
        "type":"Geometry",
        "faces":96,
        "vertices":86,
        "generator":"io_three"
    },
    "faces":[43,0,1,2,3,0,0,1,2,3,0,1,2,3,43,0,4,5,6,0,4,5,6,7,0,4,5,6,43,0,7,8,9,0,4,8,9,10,0,7,8,9,43,0,10,11,12,0,11,12,13,14,0,10,11,12,43,0,13,14,15,0,11,15,16,17,0,13,14,15,43,0,16,17,18,0,0,18,19,20,0,16,17,18,43,18,19,20,21,0,21,22,23,24,18,19,20,21,43,18,22,23,15,0,25,26,27,17,18,22,23,15,43,18,24,25,26,0,21,28,29,30,18,24,25,26,43,13,0,18,27,0,15,11,25,31,13,0,18,27,43,18,28,29,30,0,20,32,33,34,18,28,29,30,43,18,17,31,3,0,20,19,35,3,18,17,31,3,43,12,32,33,34,0,36,37,38,39,12,32,33,34,43,4,0,12,35,0,5,4,40,41,4,0,12,35,43,12,36,37,6,0,40,42,43,7,12,36,37,6,43,12,11,38,15,0,14,13,44,17,12,11,38,15,43,12,39,40,26,0,14,45,46,47,12,39,40,26,43,12,41,42,43,0,36,48,49,50,12,41,42,43,43,26,44,32,12,0,51,52,37,36,26,44,32,12,43,26,45,22,18,0,47,53,26,25,26,45,22,18,43,26,46,47,48,0,30,54,55,56,26,46,47,48,43,26,25,49,21,0,30,29,57,24,26,25,49,21,43,26,40,50,15,0,47,46,58,17,26,40,50,15,43,26,51,52,34,0,51,59,60,39,26,51,52,34,43,1,0,9,53,0,1,0,61,62,1,0,9,53,43,9,54,55,56,0,63,64,65,66,9,54,55,56,43,9,57,58,30,0,63,67,68,69,9,57,58,30,43,9,59,60,43,0,10,70,71,72,9,59,60,43,43,9,8,61,6,0,10,9,73,7,9,8,61,6,43,9,62,63,3,0,61,74,75,3,9,62,63,3,43,30,64,19,18,0,76,77,22,21,30,64,19,18,43,30,65,66,21,0,76,78,79,24,30,65,66,21,43,30,67,68,48,0,69,80,81,82,30,67,68,48,43,30,58,69,56,0,69,68,83,66,30,58,69,56,43,30,29,70,3,0,34,33,84,3,30,29,70,3,43,30,71,62,9,0,34,85,74,61,30,71,62,9,43,43,72,54,9,0,86,87,64,63,43,72,54,9,43,43,73,74,56,0,86,88,89,66,43,73,74,56,43,43,60,75,6,0,72,71,90,7,43,60,75,6,43,43,76,36,12,0,72,91,42,40,43,76,36,12,43,43,77,78,48,0,50,92,93,94,43,77,78,48,43,43,42,79,34,0,50,49,95,39,43,42,79,34,43,48,47,80,21,0,56,55,96,24,48,47,80,21,43,48,81,65,30,0,56,97,78,76,48,81,65,30,43,48,68,82,56,0,82,81,98,66,48,68,82,56,43,48,83,73,43,0,82,99,88,86,48,83,73,43,43,48,78,84,34,0,94,93,100,39,48,78,84,34,43,48,85,51,26,0,94,101,59,51,48,85,51,26,43,21,20,64,30,0,24,23,77,76,21,20,64,30,43,21,80,46,26,0,24,96,54,30,21,80,46,26,43,21,66,81,48,0,24,79,97,56,21,66,81,48,43,21,49,24,18,0,24,57,28,21,21,49,24,18,43,56,55,72,43,0,66,65,87,86,56,55,72,43,43,56,82,67,30,0,66,98,80,69,56,82,67,30,43,56,74,83,48,0,66,89,99,82,56,74,83,48,43,56,69,57,9,0,66,83,67,63,56,69,57,9,43,6,5,35,12,0,7,6,41,40,6,5,35,12,43,6,75,59,9,0,7,90,70,10,6,75,59,9,43,6,37,76,43,0,7,43,91,72,6,37,76,43,43,7,0,6,61,0,8,4,7,73,7,0,6,61,43,15,23,45,26,0,17,27,53,47,15,23,45,26,43,10,0,15,38,0,12,11,17,44,10,0,15,38,43,15,50,39,12,0,17,58,45,14,15,50,39,12,43,15,14,27,18,0,17,16,31,25,15,14,27,18,43,34,33,44,26,0,39,38,52,51,34,33,44,26,43,34,84,77,43,0,39,100,92,50,34,84,77,43,43,34,52,85,48,0,39,60,101,94,34,52,85,48,43,34,79,41,12,0,39,95,48,36,34,79,41,12,43,3,2,53,9,0,3,2,62,61,3,2,53,9,43,3,70,28,18,0,3,84,32,20,3,70,28,18,43,3,63,71,30,0,3,75,85,34,3,63,71,30,43,16,0,3,31,0,18,0,3,35,16,0,3,31,42,44,33,32,0,52,38,37,44,33,32,42,53,2,1,0,62,2,1,53,2,1,42,64,20,19,0,77,23,22,64,20,19,42,35,5,4,0,41,6,5,35,5,4,42,72,55,54,0,87,65,64,72,55,54,42,45,23,22,0,53,27,26,45,23,22,42,46,80,47,0,54,96,55,46,80,47,42,81,66,65,0,97,79,78,81,66,65,42,24,49,25,0,28,57,29,24,49,25,42,67,82,68,0,80,98,81,67,82,68,42,83,74,73,0,99,89,88,83,74,73,42,57,69,58,0,67,83,68,57,69,58,42,59,75,60,0,70,90,71,59,75,60,42,76,37,36,0,91,43,42,76,37,36,42,7,61,8,0,8,73,9,7,61,8,42,10,38,11,0,12,44,13,10,38,11,42,39,50,40,0,45,58,46,39,50,40,42,27,14,13,0,31,16,15,27,14,13,42,77,84,78,0,92,100,93,77,84,78,42,85,52,51,0,101,60,59,85,52,51,42,41,79,42,0,48,95,49,41,79,42,42,28,70,29,0,32,84,33,28,70,29,42,71,63,62,0,85,75,74,71,63,62,42,16,31,17,0,18,35,19,16,31,17],
    "vertices":[-1,-0.003352,-1,-0.737655,0.028395,-0.891333,0,0.028395,-0.153678,0,-0.003352,0,-0.891333,0.258993,-0.968253,-0.153678,0.996648,-0.968253,0,0.996648,-1,-0.737655,0.105315,-0.968253,0.737655,0.105315,-0.968253,1,-0.003352,-1,-0.968253,0.258993,-0.891333,-0.968253,1.7343,-0.891333,-1,1.99665,-1,-0.968253,0.105315,-0.737655,-0.968253,0.84297,0,-1,0.996648,0,-0.891333,0.028395,-0.737655,-0.891333,0.028395,0.737655,-1,-0.003352,1,-0.737655,0.105315,0.968253,0,0.84297,0.968253,0,0.996648,1,-0.968253,0.258993,0.891333,-0.968253,0.996648,0.153678,-0.891333,0.258993,0.968253,-0.891333,1.7343,0.968253,-1,1.99665,1,-0.968253,0.105315,0.737655,-0.737655,0.028395,0.891333,0.737655,0.028395,0.891333,1,-0.003352,1,-0.153678,0.028395,0,-0.891333,1.9649,-0.737655,-0.153678,1.9649,0,0,1.99665,0,-0.891333,1.7343,-0.968253,-0.737655,1.88798,-0.968253,0,1.15033,-0.968253,-0.968253,0.996648,-0.153678,-0.968253,1.88798,-0.737655,-0.968253,1.88798,0.737655,-0.737655,1.9649,-0.891333,0.737655,1.9649,-0.891333,1,1.99665,-1,-0.891333,1.9649,0.737655,-0.968253,1.7343,0.891333,-0.737655,1.88798,0.968253,0.737655,1.88798,0.968253,1,1.99665,1,-0.153678,0.996648,0.968253,-0.968253,1.15033,0,-0.737655,1.9649,0.891333,0,1.9649,0.153678,0.737655,0.028395,-0.891333,0.968253,0.258993,-0.891333,0.968253,0.996648,-0.153678,1,0.996648,0,0.968253,0.105315,-0.737655,0.968253,0.105315,0.737655,0.891333,0.258993,-0.968253,0.891333,1.7343,-0.968253,0,0.84297,-0.968253,0.891333,0.028395,-0.737655,0.153678,0.028395,0,0.737655,0.105315,0.968253,0.891333,0.258993,0.968253,0.153678,0.996648,0.968253,0.968253,0.258993,0.891333,0.968253,1.7343,0.891333,0.968253,0.84297,0,0,0.028395,0.153678,0.891333,0.028395,0.737655,0.968253,1.7343,-0.891333,0.968253,1.88798,-0.737655,0.968253,1.15033,0,0.153678,0.996648,-0.968253,0.737655,1.88798,-0.968253,0.891333,1.9649,-0.737655,0.891333,1.9649,0.737655,0,1.9649,-0.153678,0,1.15033,0.968253,0.891333,1.7343,0.968253,0.968253,0.996648,0.153678,0.968253,1.88798,0.737655,0.153678,1.9649,0,0.737655,1.9649,0.891333],