{
    "materials":[{
        "wireframe":false,
        "depthTest":true,
        "colorSpecular":[1,1,1],
        "mapDiffuseAnisotropy":1,
        "mapDiffuseWrap":["RepeatWrapping","RepeatWrapping"],
        "DbgName":"cone2_auv",
        "mapDiffuseRepeat":[1,1],
        "visible":true,
        "blending":"NormalBlending",
        "colorEmissive":[0,0,0],
        "DbgIndex":0,
        "transparent":true,
        "opacity":1,
        "depthWrite":true,
        "colorDiffuse":[0.8,0.8,0.8],
        "DbgColor":15658734,
        "shading":"phong",
        "mapDiffuse":"cone2_auv.png",
        "specularCoef":51
    }],
    "normals":[0,-0.999969,-0.002625,-0.412641,-0.301187,0.859615,-0.591815,-0.16654,0.788659,-0.710349,-0.300668,0.636341,-0.052217,-0.301431,0.952025,-0.245003,-0.166753,0.955046,0.316111,-0.301279,0.899594,0.139073,-0.166784,0.976104,0.636433,-0.300821,0.710196,0.501999,-0.166631,0.848628,0.860012,-0.300119,0.412641,0.788568,-0.166295,0.591998,0.952727,-0.299234,0.052126,0.955168,-0.165868,0.245186,0.900418,-0.298349,-0.316507,0.976379,-0.16541,-0.138981,0.710959,-0.297586,-0.637135,0.848903,-0.164953,-0.502091,0.413129,-0.297037,-0.860836,0.592151,-0.164617,-0.788812,0.052278,-0.296823,-0.95349,0.245155,-0.164403,-0.955412,-0.316507,-0.296945,-0.900906,-0.139164,-0.164373,-0.976501,-0.637043,-0.297403,-0.711112,-0.502304,-0.164525,-0.848872,-0.860469,-0.298135,-0.413129,-0.788903,-0.164861,-0.591968,-0.952788,-0.29899,-0.05237,-0.955321,-0.165288,-0.244972,-0.900052,-0.299875,0.316111,-0.976257,-0.165746,0.139225,-0.744682,0.011078,0.667287,-0.782952,0.415448,0.462966,-0.848598,-0.166204,0.502182,-0.432661,0.010743,0.901486,-0.546281,0.414869,0.727592,-0.05475,0.01059,0.998413,-0.226203,0.414563,0.881436,0.331462,0.010681,0.943388,0.128391,0.414502,0.900906,0.667226,0.010956,0.744743,0.463424,0.414747,0.783044,0.901425,0.011414,0.432722,0.727683,0.415265,0.545885,0.998413,0.011933,0.054811,0.880917,0.415937,0.225745,0.943388,0.012513,-0.3314,0.899899,0.416669,-0.128483,0.744743,0.01297,-0.667196,0.781976,0.417371,-0.462874,0.432691,0.013306,-0.901425,0.545213,0.417951,-0.726646,0.05475,0.013459,-0.998383,0.225654,0.418256,-0.879818,-0.331492,0.013367,-0.943358,-0.128086,0.418287,-0.899197,-0.667257,0.013092,-0.744682,-0.462447,0.418043,-0.781884,-0.901456,0.012635,-0.4326,-0.726585,0.417554,-0.545579,-0.998413,0.012116,-0.054689,-0.880367,0.416883,-0.226112,-0.943358,0.011567,0.331523,-0.900235,0.41615,0.128025,-0.210334,0.873684,0.438612,-0.265908,0.896054,0.355419,-0.026612,0.873592,0.485885,-0.110111,0.895932,0.430311,0.161138,0.873653,0.459059,0.062502,0.895901,0.439802,0.324229,0.873836,0.362285,0.225562,0.896023,0.382397,0.437666,0.874111,0.210486,0.354198,0.896237,0.266976,0.484268,0.874477,0.026948,0.428785,0.896542,0.111118,0.457106,0.874844,-0.160192,0.438002,0.896847,-0.061281,0.360546,0.875149,-0.322611,0.380596,0.897153,-0.224036,0.209326,0.875362,-0.435743,0.265358,0.897397,-0.352428,0.02649,0.875454,-0.482528,0.109836,0.897549,-0.426954,-0.160344,0.875393,-0.455977,-0.062349,0.89758,-0.436384,-0.322977,0.87521,-0.360057,-0.225074,0.897458,-0.379284,-0.436689,0.874935,-0.209174,-0.353648,0.897244,-0.26429,-0.484146,0.874569,-0.026124,-0.42848,0.896939,-0.108798,-0.438185,0.896603,0.06357,-0.381115,0.896298,0.2266,-0.4579,0.874233,0.16129,-0.361797,0.873897,0.324564],
    "metadata":{
        "normals":97,
        "type":"Geometry",
        "materials":1,
        "uvs":1,
        "generator":"io_three",
        "vertices":97,
        "version":3,
        "faces":110
    },
    "name":"cone2_sep7_cone2_auvGeometry",
    "uvs":[[0.194683,0.386319,0.199157,0.384343,0.204926,0.386039,0.199241,0.388015,0.198244,0.38111,0.203994,0.37853,0.196806,0.379662,0.201625,0.372187,0.195262,0.381101,0.198203,0.368364,0.193923,0.381127,0.194305,0.368271,0.192313,0.379754,0.190412,0.368528,0.190941,0.381273,0.187162,0.372501,0.190175,0.384544,0.185081,0.378951,0.19026,0.388226,0.184492,0.386508,0.191173,0.391455,0.185424,0.39403,0.192615,0.392908,0.187797,0.400382,0.194159,0.391465,0.191227,0.404207,0.1955,0.391429,0.19513,0.40429,0.197107,0.392794,0.199023,0.404014,0.198478,0.391283,0.202268,0.400032,0.33429,0.432043,0.337915,0.487204,0.204341,0.393584,0.33205,0.334216,0.344788,0.382861,0.312299,0.237623,0.333144,0.27894,0.274975,0.143927,0.302631,0.177134,0.220139,0.054766,0.253494,0.079136,0.154105,0.056288,0.185545,-0.013395,0.103413,0.147871,0.121904,0.082158,0.070423,0.243177,0.07731,0.182305,0.055121,0.340568,0.051494,0.285401,0.057365,0.438386,0.044625,0.389741,0.077118,0.534969,0.056272,0.493655,0.11444,0.628655,0.086786,0.595455,0.169273,0.717807,0.135921,0.693444,0.2353,0.716302,0.203869,0.785968,0.28599,0.624733,0.267503,0.690433,0.318982,0.529434,0.312096,0.590296,0.803109,0.124266,0.79393,0.130295,0.765449,0.092419,0.775097,0.065975,0.824337,0.11882,0.813557,0.120883,0.801762,0.075001,0.82079,0.054257,0.846042,0.121903,0.835284,0.119685,0.841973,0.072787,0.867483,0.060907,0.864912,0.13304,0.855829,0.126881,0.879951,0.086122,0.908046,0.084886,0.878076,0.150554,0.872033,0.141387,0.909957,0.112951,0.936404,0.122604,0.883528,0.171782,0.881464,0.160991,0.927411,0.149273,0.948139,0.168304,0.880435,0.193494,0.882656,0.182737,0.929624,0.189502,0.941463,0.21502,0.869262,0.212372,0.875436,0.203277,0.916255,0.227512,0.917436,0.255611,0.851715,0.225556,0.8609,0.219512,0.88938,0.257519,0.879723,0.283923,0.830469,0.231031,0.84126,0.228952,0.853073,0.274958,0.83405,0.295667,0.808748,0.22795,0.819516,0.230165,0.812843,0.2772,0.787323,0.289053,0.789867,0.21678,0.798954,0.222951,0.774807,0.26386,0.746687,0.265031,0.776713,0.199232,0.782746,0.208409,0.744776,0.236942,0.71837,0.227246,0.771286,0.177984,0.773335,0.18878,0.727384,0.200608,0.706684,0.181575,0.725206,0.160399,0.772167,0.16703,0.738577,0.122411,0.779399,0.146502,0.774399,0.156275,0.713356,0.134882,0.785572,0.137417,0.73737,0.094291,0.688338,0.393101,0.694887,0.384146,0.703072,0.376656,0.71255,0.370889,0.722978,0.367102,0.733941,0.365401,0.745024,0.365892,0.755804,0.368516,0.765855,0.373212,0.77481,0.379761,0.7823,0.387946,0.788067,0.397424,0.791854,0.407852,0.793555,0.418815,0.793064,0.429898,0.79044,0.440678,0.785744,0.450729,0.779195,0.459684,0.77101,0.467174,0.761532,0.472941,0.751104,0.476728,0.740141,0.478429,0.729058,0.477938,0.718278,0.475314,0.708227,0.470618,0.699272,0.464069,0.691782,0.455884,0.686015,0.446406,0.682228,0.435978,0.680527,0.425015,0.681018,0.413932,0.683642,0.403152]],