{
    "normals":[-0.577349,-0.577349,-0.577349,0.089419,-0.9953,0.037019,0,-0.988495,-0.151219,0,-1,0,0.037019,0.089419,-0.9953,-0.151219,0,-0.988495,0,0,-0.999969,0.089419,0.037019,-0.9953,-0.089419,0.037019,-0.9953,0.577349,-0.577349,-0.577349,-0.9953,0.089419,0.037019,-0.9953,-0.089419,0.037019,-0.577349,0.577349,-0.577349,-0.9953,0.037019,0.089419,-0.988495,-0.151219,0,-1,0,0,0.037019,-0.9953,0.089419,0.037019,-0.9953,-0.089419,-0.577349,-0.577349,0.577349,0.089419,0.037019,0.9953,0,-0.151219,0.988495,0,0,1,-0.9953,0.089419,-0.037019,-0.988495,0,0.151219,0.037019,0.089419,0.9953,0.037019,-0.089419,0.9953,-0.577349,0.577349,0.577349,-0.9953,0.037019,-0.089419,0.089419,-0.9953,-0.037019,-0.089419,-0.9953,-0.037019,0.577349,-0.577349,0.577349,-0.151219,-0.988495,0,0.037019,0.9953,0.089419,-0.151219,0.988495,0,0,1,0,0.037019,-0.089419,-0.9953,0.089419,-0.037019,-0.9953,0,0.151219,-0.988495,-0.988495,0,-0.151219,-0.9953,-0.037019,0.089419,-0.9953,-0.037019,-0.089419,0.089419,0.9953,0.037019,-0.089419,0.9953,0.037019,0.577349,0.577349,-0.577349,0.037019,0.9953,-0.089419,-0.9953,-0.089419,-0.037019,0.089419,-0.037019,0.9953,-0.089419,-0.037019,0.9953,0.577349,0.577349,0.577349,-0.151219,0,0.988495,-0.988495,0.151219,0,0.089419,0.9953,-0.037019,0,0.988495,0.151219,-0.089419,-0.9953,0.037019,0.9953,0.089419,0.037019,0.988495,0,-0.151219,0.999969,0,0,0.9953,0.037019,0.089419,0.9953,0.037019,-0.089419,-0.037019,0.089419,-0.9953,-0.037019,-0.089419,-0.9953,0,-0.151219,-0.988495,-0.037019,-0.9953,0.089419,0.151219,-0.988495,0,-0.089419,0.037019,0.9953,-0.037019,0.089419,0.9953,0.151219,0,0.988495,0.9953,0.089419,-0.037019,0.9953,-0.089419,-0.037019,0.988495,-0.151219,0,0,-0.988495,0.151219,-0.037019,-0.9953,-0.089419,0.9953,-0.089419,0.037019,0.9953,-0.037019,0.089419,0.988495,0.151219,0,0.151219,0,-0.988495,-0.089419,-0.037019,-0.9953,-0.037019,0.9953,0.089419,-0.037019,0.9953,-0.089419,0,0.988495,-0.151219,0,0.151219,0.988495,-0.037019,-0.089419,0.9953,0.988495,0,0.151219,0.9953,-0.037019,-0.089419,0.151219,0.988495,0,-0.089419,0.9953,-0.037019],
    "metadata":{
        "type":"Geometry",
        "generator":"io_three",
        "version":3,
        "uvs":1,
        "normals":86,
        "faces":96,
        "vertices":86
    },
    "uvs":[[0.333269,1,0.289339,0.981708,0.166632,0.859377,0.166635,0.833317,0.666635,0.666634,0.648343,0.710565,0.526012,0.833271,0.499952,0.833269,0.622708,0.684885,0.377293,0.684912,0.333365,0.666634,0,0,0.018306,0.043945,0.018374,0.289347,9.7e-05,0.333268,0.043923,0.018266,0.16666,0.140608,0.166684,0.166634,0.315019,0.956073,0.314991,0.710657,0.333269,0.66673,0,0.333268,0.043931,0.35156,0.166637,0.473891,0.166635,0.499951,0.333271,0,0.314994,0.043921,0.192767,0.166654,0.01825,0.377195,0.018278,0.622611,0,0.666538,0.289363,0.018258,0.289337,0.684995,0.043931,0.684926,0,0.666634,0.192657,0.83331,0.333368,0.333269,0.35166,0.289339,0.473991,0.166632,0.500051,0.166635,0.666539,0.999903,0.648274,0.955971,0.622612,0.981625,0.499959,0.859291,0.140602,0.166615,0.044005,0.315011,0.289445,0.315002,0.333368,0.333268,0.377295,0.315019,0.622711,0.314991,0.666638,0.333269,0.333464,0,0.351729,0.043933,0.315062,0.289324,0.043933,0.648273,0.289339,0.648342,0.333269,0.666634,0.140612,0.499958,0.166708,0.192661,0.377392,0.018278,0.500044,0.140612,0,0.999904,0.043933,0.981639,0.666734,0.333269,0.648442,0.3772,0.526111,0.499906,0.500051,0.499904,0.622807,0.35152,0.377392,0.351547,0.333464,0.333269,0.35163,0.710567,0.351561,0.955973,0.333269,0.999903,0.499945,0.807246,0.018278,0.955977,0.140612,0.833324,0.333269,0.333364,0.289337,0.351629,0.314991,0.377292,0.192657,0.499944,0.351729,0.377202,0.35166,0.622608,0.333368,0.666538,0.500044,0.473881,0.166637,0.807257,0.01825,0.710561,0.666638,0.666538,0.648373,0.622606,0.622711,0.64826,0.500058,0.525926,0.473892,0.833266,0.377196,0.981653,0.648373,0.289337,0.648442,0.043931,0.666734,0,0.500058,0.192657,0.166632,0.526011,0.315019,0.622707,0.473991,0.499901,0.377295,0.648288,0.526111,0.166637,0.622807,0.01825]],
    "name":"Cube4_Cube4_auvGeometry.4",
    "faces":[41,0,1,2,3,0,1,2,3,0,1,2,3,41,0,4,5,6,4,5,6,7,0,4,5,6,41,0,7,8,9,4,8,9,10,0,7,8,9,41,0,10,11,12,11,12,13,14,0,10,11,12,41,0,13,14,15,11,15,16,17,0,13,14,15,41,0,16,17,18,0,18,19,20,0,16,17,18,41,18,19,20,21,21,22,23,24,18,19,20,21,41,18,22,23,15,25,26,27,17,18,22,23,15,41,18,24,25,26,21,28,29,30,18,24,25,26,41,13,0,18,27,15,11,25,31,13,0,18,27,41,18,28,29,30,20,32,33,34,18,28,29,30,41,18,17,31,3,20,19,35,3,18,17,31,3,41,12,32,33,34,36,37,38,39,12,32,33,34,41,4,0,12,35,5,4,40,41,4,0,12,35,41,12,36,37,6,40,42,43,7,12,36,37,6,41,12,11,38,15,14,13,44,17,12,11,38,15,41,12,39,40,26,14,45,46,47,12,39,40,26,41,12,41,42,43,36,48,49,50,12,41,42,43,41,26,44,32,12,51,52,37,36,26,44,32,12,41,26,45,22,18,47,53,26,25,26,45,22,18,41,26,46,47,48,30,54,55,56,26,46,47,48,41,26,25,49,21,30,29,57,24,26,25,49,21,41,26,40,50,15,47,46,58,17,26,40,50,15,41,26,51,52,34,51,59,60,39,26,51,52,34,41,1,0,9,53,1,0,61,62,1,0,9,53,41,9,54,55,56,63,64,65,66,9,54,55,56,41,9,57,58,30,63,67,68,69,9,57,58,30,41,9,59,60,43,10,70,71,72,9,59,60,43,41,9,8,61,6,10,9,73,7,9,8,61,6,41,9,62,63,3,61,74,75,3,9,62,63,3,41,30,64,19,18,76,77,22,21,30,64,19,18,41,30,65,66,21,76,78,79,24,30,65,66,21,41,30,67,68,48,69,80,81,82,30,67,68,48,41,30,58,69,56,69,68,83,66,30,58,69,56,41,30,29,70,3,34,33,84,3,30,29,70,3,41,30,71,62,9,34,85,74,61,30,71,62,9,41,43,72,54,9,86,87,64,63,43,72,54,9,41,43,73,74,56,86,88,89,66,43,73,74,56,41,43,60,75,6,72,71,90,7,43,60,75,6,41,43,76,36,12,72,91,42,40,43,76,36,12,41,43,77,78,48,50,92,93,94,43,77,78,48,41,43,42,79,34,50,49,95,39,43,42,79,34,41,48,47,80,21,56,55,96,24,48,47,80,21,41,48,81,65,30,56,97,78,76,48,81,65,30,41,48,68,82,56,82,81,98,66,48,68,82,56,41,48,83,73,43,82,99,88,86,48,83,73,43,41,48,78,84,34,94,93,100,39,48,78,84,34,41,48,85,51,26,94,101,59,51,48,85,51,26,41,21,20,64,30,24,23,77,76,21,20,64,30,41,21,80,46,26,24,96,54,30,21,80,46,26,41,21,66,81,48,24,79,97,56,21,66,81,48,41,21,49,24,18,24,57,28,21,21,49,24,18,41,56,55,72,43,66,65,87,86,56,55,72,43,41,56,82,67,30,66,98,80,69,56,82,67,30,41,56,74,83,48,66,89,99,82,56,74,83,48,41,56,69,57,9,66,83,67,63,56,69,57,9,41,6,5,35,12,7,6,41,40,6,5,35,12,41,6,75,59,9,7,90,70,10,6,75,59,9,41,6,37,76,43,7,43,91,72,6,37,76,43,41,7,0,6,61,8,4,7,73,7,0,6,61,41,15,23,45,26,17,27,53,47,15,23,45,26,41,10,0,15,38,12,11,17,44,10,0,15,38,41,15,50,39,12,17,58,45,14,15,50,39,12,41,15,14,27,18,17,16,31,25,15,14,27,18,41,34,33,44,26,39,38,52,51,34,33,44,26,41,34,84,77,43,39,100,92,50,34,84,77,43,41,34,52,85,48,39,60,101,94,34,52,85,48,41,34,79,41,12,39,95,48,36,34,79,41,12,41,3,2,53,9,3,2,62,61,3,2,53,9,41,3,70,28,18,3,84,32,20,3,70,28,18,41,3,63,71,30,3,75,85,34,3,63,71,30,41,16,0,3,31,18,0,3,35,16,0,3,31,40,44,33,32,52,38,37,44,33,32,40,53,2,1,62,2,1,53,2,1,40,64,20,19,77,23,22,64,20,19,40,35,5,4,41,6,5,35,5,4,40,72,55,54,87,65,64,72,55,54,40,45,23,22,53,27,26,45,23,22,40,46,80,47,54,96,55,46,80,47,40,81,66,65,97,79,78,81,66,65,40,24,49,25,28,57,29,24,49,25,40,67,82,68,80,98,81,67,82,68,40,83,74,73,99,89,88,83,74,73,40,57,69,58,67,83,68,57,69,58,40,59,75,60,70,90,71,59,75,60,40,76,37,36,91,43,42,76,37,36,40,7,61,8,8,73,9,7,61,8,40,10,38,11,12,44,13,10,38,11,40,39,50,40,45,58,46,39,50,40,40,27,14,13,31,16,15,27,14,13,40,77,84,78,92,100,93,77,84,78,40,85,52,51,101,60,59,85,52,51,40,41,79,42,48,95,49,41,79,42,40,28,70,29,32,84,33,28,70,29,40,71,63,62,85,75,74,71,63,62,40,16,31,17,18,35,19,16,31,17],