{
    "materials":[{
        "mapDiffuseAnisotropy":1,
        "colorEmissive":[0,0,0],
        "shading":"phong",
        "mapDiffuse":"throne.png",
        "DbgIndex":0,
        "depthWrite":true,
        "DbgName":"Material",
        "colorSpecular":[0.5,0.5,0.5],
        "opacity":1,
        "specularCoef":50,
        "depthTest":true,
        "visible":true,
        "mapDiffuseRepeat":[1,1],
        "DbgColor":15658734,
        "mapDiffuseWrap":["RepeatWrapping","RepeatWrapping"],
        "transparent":false,
        "colorDiffuse":[0.64,0.64,0.64],
        "blending":"NormalBlending",
        "wireframe":false
    }],
    "faces":[43,4,5,11,10,0,0,1,2,3,0,1,2,3,43,1,2,8,7,0,4,5,6,7,4,5,6,7,43,2,3,9,8,0,8,9,10,11,5,2,2,6,43,0,1,7,6,0,12,13,14,15,8,4,7,9,43,0,4,10,6,0,16,17,18,19,8,0,3,9,42,6,8,7,0,20,24,25,9,6,7,42,11,9,8,0,22,23,24,2,2,6,42,6,10,11,0,20,21,22,9,3,2,42,6,11,8,0,20,22,24,9,2,6,43,12,1,31,32,0,26,27,28,29,10,4,8,11,43,2,1,12,13,0,30,31,32,33,5,4,10,6,43,3,2,13,14,0,34,30,33,35,2,5,6,12,43,4,0,27,36,0,17,16,36,37,0,8,8,13,43,13,12,32,33,0,38,26,29,39,6,10,11,14,43,14,13,33,34,0,40,41,7,42,12,6,14,15,43,1,0,27,31,0,13,12,43,44,4,8,8,8,42,9,14,3,0,45,48,49,2,12,2,42,11,5,14,0,46,47,48,2,1,12,42,9,11,14,0,45,46,48,2,2,12,43,14,5,35,34,0,48,47,50,51,12,1,16,15,43,19,25,26,20,0,0,3,2,1,0,17,18,1,43,16,22,23,17,0,4,7,6,5,19,20,21,22,43,17,23,24,18,0,8,11,10,9,22,21,18,18,43,15,21,22,16,0,12,15,14,13,8,23,20,19,43,15,21,25,19,0,16,19,18,17,8,23,17,0,42,21,26,25,0,20,22,21,23,18,17,42,23,24,26,0,24,23,22,21,18,18,42,21,22,23,0,20,25,24,23,20,21,42,21,23,26,0,20,24,22,23,21,18,43,28,32,31,16,0,26,29,28,27,24,11,8,19,43,17,29,28,16,0,30,33,32,31,22,21,24,19,43,18,30,29,17,0,34,35,33,30,18,25,21,22,43,19,36,27,15,0,17,37,36,16,0,13,8,8,43,29,33,32,28,0,38,39,29,26,21,14,11,24,43,30,34,33,29,0,40,42,7,41,25,15,14,21,43,16,31,27,15,0,13,44,43,12,19,8,8,8,42,24,20,26,0,45,47,46,18,1,18,42,24,18,30,0,45,49,48,18,18,25,42,24,30,20,0,45,48,47,18,25,1,43,30,34,35,20,0,48,51,50,47,25,15,16,1],
    "metadata":{
        "generator":"io_three",
        "materials":1,
        "version":3,
        "normals":26,
        "faces":40,
        "type":"Geometry",
        "vertices":37,
        "uvs":1
    },
    "name":"CubeGeometry.4",
    "vertices":[0.768072,1.95612,0.820651,-0.373385,1.94666,0.820651,-0.59884,1.34585,0.820651,-1.62576,1.34585,0.820651,0.768072,-0.043882,0.820652,-1.62576,-0.043882,0.820652,0.768072,1.95612,1.21719,-0.373385,1.94666,1.21719,-0.59884,1.34585,1.21719,-1.62576,1.34585,1.21719,0.768072,-0.043882,1.21719,-1.62576,-0.043882,1.21719,-0.373385,1.51593,0.820651,-0.59884,0.915122,0.820651,-1.62576,0.915122,0.820651,0.768072,1.95612,-0.820652,-0.373385,1.94666,-0.820652,-0.59884,1.34585,-0.820652,-1.62576,1.34585,-0.820652,0.768072,-0.043882,-0.820652,-1.62576,-0.043882,-0.820652,0.768072,1.95612,-1.21719,-0.373385,1.94666,-1.21719,-0.59884,1.34585,-1.21719,-1.62576,1.34585,-1.21719,0.768072,-0.043882,-1.21719,-1.62576,-0.043882,-1.21719,0.768072,1.95612,-0,-0.373385,1.51593,-0.820652,-0.59884,0.915122,-0.820652,-1.62576,0.915122,-0.820652,-0.373385,1.94666,-0,-0.373385,1.51593,-0,-0.59884,0.915122,-0,-1.62576,0.915122,-0,-1.62576,-0.043882,0,0.768072,-0.043882,0],
    "uvs":[[0.850513,0.284878,0.850513,0.829402,0.757165,0.829402,0.757164,0.284878,0.757164,0.766407,0.757164,0.908995,0.663816,0.908995,0.663816,0.766407,0.850513,0.518471,0.850513,0.284878,0.943862,0.284878,0.943862,0.518471,0.268717,0.634727,0,0.634727,0,0.544527,0.268717,0.544527,0.56417,0,0.56417,0.450284,0.470821,0.450284,0.470821,0,0,0,0.470821,0,0.470821,0.544526,0.143664,0.544526,0.143664,0.310933,0.002226,0.259648,0.268717,0.641501,0.268717,0.544527,0.461711,0.544527,0.461711,0.641501,0.898602,0.051284,0.757164,0,0.858562,0,1,0.051284,0.898602,0.284878,1,0.284878,0.757164,0,0.757164,0.450284,0.268717,0.784089,0.461711,0.784089,0.470821,1,0.470821,0.766407,0.663816,1,0.268717,0.821212,0,0.821212,0.470821,0.766407,0.470821,0.450284,0.56417,0.450284,0.56417,0.668429,0.56417,0.766407,0.757164,0.450284,0.757164,0.668429]],
    "normals":[-0.894406,0.447188,0,0.894406,0.447188,0,0.577349,0.577349,-0.577349,-0.577349,0.577349,-0.577349,-0.637135,0.767113,-0.074557,-0.290536,0.419355,-0.860042,-0.456191,0.658437,-0.59859,-0.458663,0.656209,-0.599139,-0.710013,0.704154,0,-0.58153,0.576739,-0.573717,-0.731254,0.132664,-0.669027,-0.983917,0.178503,0,0.904508,0.301492,-0.301492,-1,0,0,-0.569475,0.821986,0,0.707083,0.707083,0,1,0,0,-0.577349,0.577349,0.577349,0.577349,0.577349,0.577349,-0.637135,0.767113,0.074557,-0.458663,0.656209,0.599139,-0.456191,0.658437,0.59859,-0.290536,0.419355,0.860042,-0.58153,0.576739,0.573717,-0.731254,0.132664,0.669027,0.904508,0.301492,0.301492]
}